concept_class_id,concept_class_name,concept_class_concept_id
FHL,FHL code,2000100002
HPN,HPN code,2000200002
SRC,SOURCE,2002300005
CPT4,Current Procedural Terminology version 4,44819249
HPO1,HPO1 code,2002100002
HPO2,HPO2 code,2002100003
SPAT,SPAT code,2001700002
Unit,Unit,44819072
Event,Event,44819056
ICPC1,ICPC version 1,2002000002
ICPC2,ICPC version 2,2002000003
REIMB,Finnish reimbursement code,2001600002
VNRfi,Nordic Product Number,2001900002
Visit,OMOP Visit,44819023
Survey,Surveys,45754681
ICD10PCS,ICD10PCS Code,260
Lab Test,Laboratory Class,45754678
Location,Environment or Geographical Location,44819011
Variable,Variable,32967
Variable,Variable,2002300006
Attribute,Attribute,44819070
ICPC2proc,ICPC procedures,2002000005
Procedure,Procedure,44819080
Substance,Substance,44819050
Undefined,Undefined,44819044
ICD10 code,ICD10 code,44819258
Ingredient,Ingredient,44818981
NAACCR Value,NAACCR Value,32653
Type Concept,Type Concept,581453
3-char ICD9fi,3 ICD9 Finnish Modification Hierarchy Level,2000400002
5-char ICD9fi,5 ICD9 Finnish Modification Hierarchy Level,2000400005
CPT4 Modifier,CPT4 Modifier,45754685
Clinical Drug,Semantic Clinical Drug,44819028
HCPCS Modifier,HCPCS Modifier,45754687
ICD10fi 1 Code,ICD10 Finnish Extension 1 Code,2000500003
ICDO Condition,ICDO Condition,581435
NCSPfi Level 1,NCSP Finnish modification Hierarchy Level 1,2001300003
NCSPfi Level 2,NCSP Finnish modification Hierarchy Level 2,2001300004
NCSPfi Level 3,NCSP Finnish modification Hierarchy Level 3,2001300005
Social Context,Social Context,44819022
ICD10 Hierarchy,ICD10 Hierarchy,45754906
Physical Object,Physical Object,44819009
Qualifier Value,Qualifier Value,44819021
Clinical Finding,Clinical Finding,44818997
Condition Status,OMOP Condition Status,32888
Clinical Drug Box,Clinical Drug Box,203
Context-dependent,Situation with explicit context,44819051
ICD10fi Hierarchy,ICD10 Finnish Extension Hierarchy code,2000500002
LABfi_ALL Level 0,Finnish Lab Tests,2002400002
Morph Abnormality,Morphologic Abnormality,44819008
Observable Entity,Observable Entity,44819029
SRC|ServiceSector,SOURCE | ServiceSector,2002300002
3-dig billing code,3-digit billing code,45754868
3-dig nonbill code,3-digit non-billing code,45754876
4-dig billing code,4-digit billing code,45754869
4-dig nonbill code,4-digit non-billing code,45754877
5-dig billing code,5-digit billing code,45754870
Clinical Drug Comp,Semantic Clinical Drug Component,44819064
Clinical Drug Form,Semantic Clinical Drug Form,44819020
ICD10PCS Hierarchy,ICD10PCS Hierarchical Code,259
Quant Clinical Box,Quantified Clinical Drug Box,201
UNITfi_ALL Level 0,Finnish Measurement Units Hierarchy Level 0,2002500002
Quant Clinical Drug,Quantified Clinical Drug,45754862
SRC|Contact|Service,SOURCE | Contact Type | Service Type,2002300004
SRC|Contact|Urgency,SOURCE | Contact Type | Urgency,2002300003
Clinical Observation,Clinical Class,45754679
