domain_id,domain_name,domain_concept_id
Device,Device,17
Condition/Procedure,Condition/Procedure,49
Device/Procedure,Device/Procedure,41
Obs/Procedure,Observation/Procedure,42
Condition/Obs,Condition/Observation,48
Unit,Unit,16
Meas/Procedure,Measurement/Procedure,43
Procedure,Procedure,10
Condition,Condition,19
Meas Value Operator,Measurement Value Operator,23
Observation,Observation,27
Condition Status,OMOP Condition Status,32889
Type Concept,Type Concept,58
Metadata,Metadata,7
Measurement,Measurement,21
Drug,Drug,13
Visit,Visit,8
