provider_id,provider_name,npi,dea,specialty_concept_id,care_site_id,year_of_birth,gender_concept_id,provider_source_value,specialty_source_value,specialty_source_concept_id,gender_source_value,gender_source_concept_id
10,"Legislators, senior officials and managers",,,0,,,0,,1,2002200101,,0
407,Practical nurses,,,0,,,0,,51321,2002200456,,0
288,Other associate professionals,,,0,,,0,,34,2002200348,,0
412,Social work assistants,,,0,,,0,,51326,2002200461,,0
270,Physiotherapists and occupational therapists,,,0,,,0,,3226,2002200330,,0
275,Pharmacists,,,0,,,0,,3228,2002200335,,0
120,Senior physicians,,,0,,,0,,22211,2002200186,,0
273,Other therapists,,,0,,,0,,32269,2002200333,,0
130,Ward sisters,,,0,,,0,,22302,2002200196,,0
277,Nursing and related associate professionals,,,0,,,0,,323,2002200337,,0
326,Social instructors and related associate professionals,,,0,,,0,,3460,2002200386,,0
325,Social instructors and related associate professionals,,,0,,,0,,346,2002200385,,0
343,Other religious associate professionals,,,0,,,0,,34809,2002200403,,0
280,Public health nurses,,,0,,,0,,32312,2002200340,,0
306,Office managers,,,0,,,0,,34194,2002200366,,0
188,Social workers,,,0,,,0,,24461,2002200254,,0
187,Social work professionals,,,0,,,0,,2446,2002200253,,0
675,Elementary occupations,,,0,,,0,,9,2002200699,,0
358,Calculating-machine operators,,,0,,,0,,4114,2002200409,,0
119,Medical doctors,,,0,,,0,,2221,2002200185,,0
408,Practical mental nurses,,,0,,,0,,51322,2002200457,,0
121,Specialists and ward physicians,,,0,,,0,,22212,2002200187,,0
129,Matrons,,,0,,,0,,22301,2002200195,,0
405,Private childminders,,,0,,,0,,51312,2002200454,,0
409,Hospital and ambulance attendants,,,0,,,0,,51323,2002200458,,0
267,Dieticians and nutritionists,,,0,,,0,,3223,2002200327,,0
328,Youth leaders,,,0,,,0,,34602,2002200388,,0
184,Psychologists,,,0,,,0,,24451,2002200250,,0
359,Secretaries,,,0,,,0,,4115,2002200410,,0
411,Dental assistants,,,0,,,0,,51325,2002200460,,0
126,Health professionals (except nursing) not elsewhere classified,,,0,,,0,,2229,2002200192,,0
685,Assistant nurses and hospital ward assistants,,,0,,,0,,91321,2002200709,,0
48,Health and social services managers,,,0,,,0,,12292,2002200128,,0
424,Practical rehabilitation nurses and chiropodists,,,0,,,0,,51413,2002200473,,0
108,"Architects, engineers and related professionals not elsewhere classified",,,0,,,0,,2149,2002200174,,0
283,Hearing testers,,,0,,,0,,32315,2002200343,,0
123,Dentists,,,0,,,0,,2222,2002200189,,0
186,Speech therapists,,,0,,,0,,24453,2002200252,,0
414,"Home care assistants, personal care workers",,,0,,,0,,5133,2002200463,,0
683,Domestic helpers and cleaners,,,0,,,0,,9131,2002200707,,0
339,Physical exercise and sports instructors,,,0,,,0,,34752,2002200399,,0
384,Receptionists and information clerks,,,0,,,0,,4222,2002200435,,0
281,Radiographers,,,0,,,0,,32313,2002200341,,0
357,Data entry operators,,,0,,,0,,4113,2002200408,,0
278,Nursing and related associate professionals,,,0,,,0,,3231,2002200338,,0
415,Home care assistants,,,0,,,0,,51331,2002200464,,0
364,Stock clerks,,,0,,,0,,4131,2002200415,,0
279,Nurses,,,0,,,0,,32311,2002200339,,0
269,Dental hygienists,,,0,,,0,,3225,2002200329,,0
374,Other office clerks,,,0,,,0,,4190,2002200425,,0
329,Work and craft leaders,,,0,,,0,,34603,2002200389,,0
271,Physiotherapists,,,0,,,0,,32261,2002200331,,0
344,Clerks,,,0,,,0,,4,2002200404,,0
406,Practical nurses,,,0,,,0,,5132,2002200455,,0
284,Midwives,,,0,,,0,,3232,2002200344,,0
402,"Practical nurses, childminders and home care assistants",,,0,,,0,,513,2002200451,,0
410,Mental handicap nurses,,,0,,,0,,51324,2002200459,,0
122,Other medical doctors,,,0,,,0,,22213,2002200188,,0
356,Word-processor and related operators,,,0,,,0,,4112,2002200407,,0
418,Pharmaceutical assistants,,,0,,,0,,51391,2002200467,,0
327,Social work instructors and educators,,,0,,,0,,34601,2002200387,,0
272,Occupational therapists,,,0,,,0,,32262,2002200332,,0
78,Hand Surgery,,,38004480,,,0,,20J,2001000117,,0
17,Infectious Diseases,,,38004484,,,0,,10I,2001000107,,0
13,Endocrinology of Internal Medicine,,,38004485,,,0,,10E,2001000103,,0
446,Foniatria,,,38004489,,,0,,57,2001000146,,0
445,Audiology,,,38004489,,,0,,55B,2001000145,,0
20,Rheumatology,,,38004491,,,0,,10R,2001000110,,0
85,Vascular Surgery,,,38004496,,,0,,20V,2001000124,,0
16,Clinical Hematology,,,38004501,,,0,,10H,2001000106,,0
480,Cancers,,,38004507,,,0,,65,2001000155,,0
74,Acute / General Medicine,,,38004510,,,0,,15Y,2001000114,,0
73,Acute Medicine / Specialist Care,,,38004510,,,0,,15E,2001000113,,0
72,Acute Medicine,,,38004510,,,0,,15,2001000112,,0
217,Radiotherapy for Gynecology,,,38004006,,,0,,30S,2001000130,,0
346,Pediatric Allergology,,,44777768,,,0,,40A,2001000133,,0
584,Pediatric Neurology,,,44777781,,,0,,78,2001000165,,0
83,Thorax and vascular surgery,,,38004023,,,0,,20T,2001000122,,0
390,Neurophthalmology,,,903241,,,0,,50N,2001000142,,0
580,Child Psychiatry,,,45756756,,,0,,75,2001000161,,0
556,Adolescent Psychiatry,,,45756756,,,0,,74,2001000160,,0
704,Sports Medicine,,,903256,,,0,,93,2001000169,,0
485,Forensic Psychiatry,,,45756775,,,0,,70Z,2001000159,,0
216,Perinatology,,,45756780,,,0,,30Q,2001000129,,0
448,"Dental, oral and maxillofacial diseases",,,903277,,,0,,58,2001000148,,0
347,Neonatology,,,45756786,,,0,,40D,2001000134,,0
21,Anesthesiology and Intensive Care,,,38003834,,,0,,11,2001000111,,0
454,Allergology of Dermatology,,,38003841,,,0,,60A,2001000153,,0
453,Skin Diseases and Allergology,,,38003841,,,0,,60,2001000152,,0
352,Pediatric Cardiology,,,45756805,,,0,,40K,2001000139,,0
348,Pediatric Endocrinology,,,45756809,,,0,,40E,2001000135,,0
349,Pediatric Gastroenterology,,,45756810,,,0,,40G,2001000136,,0
350,Pediatric Hematology,,,45756811,,,0,,40H,2001000137,,0
351,Infectious Diseases in Children,,,45756812,,,0,,40I,2001000138,,0
353,Pediatric Nephrology,,,45756813,,,0,,40M,2001000140,,0
79,Pediatric Surgery,,,45756819,,,0,,20L,2001000118,,0
713,Hereditary Medicine,,,32411,,,0,,94,2001000170,,0
82,Cardiac and thoracic surgery,,,45756830,,,0,,20R,2001000121,,0
12,Allergology of Internal Medicine,,,38003875,,,0,,10A,2001000102,,0
77,Gastroenterological Surgery,,,44777669,,,0,,20G,2001000116,,0
450,Orthodontics,,,44777673,,,0,,58X,2001000150,,0
444,"Allergology of Ear, Nose and Throat",,,38003921,,,0,,55A,2001000144,,0
451,Clinical Dentistry,,,38003675,,,0,,58Y,2001000151,,0
717,General Medicine,,,38004446,,,0,,98,2001000174,,0
86,General Surgery,,,38004447,,,0,,20Y,2001000125,,0
76,Surgery,,,38004447,,,0,,20,2001000115,,0
443,"Ear, nose and throat diseases",,,38004449,,,0,,55,2001000143,,0
18,Cardiology,,,38004451,,,0,,10K,2001000108,,0
455,Occupational Skin Diseases,,,38004452,,,0,,60C,2001000154,,0
15,Internal Medicine Gastroenterology,,,38004455,,,0,,10G,2001000105,,0
11,Internal Medicine,,,38004456,,,0,,10,2001000101,,0
582,Neurology,,,38004458,,,0,,77,2001000163,,0
212,Neurosurgery,,,38004459,,,0,,25,2001000126,,0
214,Gynecology and childbirth,,,38004461,,,0,,30,2001000127,,0
389,Eye Diseases,,,38004463,,,0,,50,2001000141,,0
449,Oral and Maxillofacial Surgery,,,38004464,,,0,,58V,2001000149,,0
714,Occupational Medicine and Occupational Health,,,44777713,,,0,,95,2001000171,,0
80,Orthopedics and Traumatology,,,38004465,,,0,,20O,2001000119,,0
81,Plastic Surgery,,,38004467,,,0,,20P,2001000120,,0
715,Physiatry,,,38004468,,,0,,96,2001000172,,0
482,Psychiatry,,,38004469,,,0,,70,2001000156,,0
483,Geriatric Psychiatry,,,38004470,,,0,,70F,2001000157,,0
586,Lung Diseases,,,38004472,,,0,,80,2001000166,,0
587,Lung Diseases and Allergology,,,38004472,,,0,,80A,2001000167,,0
84,Urology,,,38004474,,,0,,20U,2001000123,,0
345,Pediatrics,,,38004477,,,0,,40,2001000132,,0
716,Geriatrics,,,38004478,,,0,,97,2001000173,,0
19,Nephrology,,,38004479,,,0,,10M,2001000109,,0
10005,Kemiö provider number 30,,,0,,,0,Kemiö_30,,2002600104,,0
10008,Närpes provider number 13,,,0,,,0,Närpes_13,,2002600101,,0
10006,Korsholm provider number 12,,,0,,,0,Korsholm_12,,2002600102,,0
10007,Maalahti provider number 24,,,0,,,0,Maalahti_24,,2002600103,,0
