relationship_id,relationship_name,is_hierarchical,defines_ancestry,reverse_relationship_id,relationship_concept_id
Interprets of,Interprets of (SNOMED),0,0,Has interprets,44818851
Occurs before,Occurs before (SNOMED),0,0,Occurs after,44818881
Has surgical appr,Has surgical approach (SNOMED),0,0,Surgical appr of,44818793
Has specimen,Has specimen (SNOMED),0,0,Specimen of,44818756
Has focus,Has focus (SNOMED),0,0,Focus of,44818759
Has time aspect,Has time aspect,0,0,Time aspect of,44818774
Coating material of,Coating material of (SNOMED),0,0,Has coating material,33053
Has relat context,Has subject relationship context (SNOMED),0,0,Relat context of,44818781
Asso with finding,Associated with finding (SNOMED),0,0,Finding asso with,44818792
Asso finding of,Associated finding of (SNOMED),0,0,Has asso finding,44818868
Pathology of,Pathological process of (SNOMED),0,0,Has pathology,44818843
Maps to,Non-standard to Standard map (OMOP),0,0,Mapped from,44818977
Followed by,Followed by (SNOMED),0,0,Follows,45905793
Topography of ICDO,Topography of ICDO,0,0,Has Topography ICDO,581430
Has asso morph,Has associated morphology (SNOMED),0,0,Asso morph of,44818769
Has property,Has property,0,0,Property of,44818772
Route of admin of,Route of administration of (SNOMED),0,0,Has route of admin,44818897
Proc Schema to ICDO,Procedure Schema to ICDO Condition (NAACCR),0,0,ICDO to Proc Schema,32643
RxNorm - ATC pr up,RxNorm/Extension to ATC primary upwards (OMOP),0,0,ATC - RxNorm pr up,32800
Status of,Status of,0,0,Has status,33067
Has specimen subst,Has specimen substance (SNOMED),0,0,Specimen subst of,44818779
Has asso proc,Has associated procedure (SNOMED),0,0,Asso proc of,44818784
Has complication,Has complication (SNOMED),0,0,During,581425
RxNorm - SNOMED eq,RxNorm to SNOMED equivalent (RxNorm),0,0,SNOMED - RxNorm eq,45754844
ATC - RxNorm pr lat,ATC to RxNorm/Extension primary lateral (OMOP),0,0,RxNorm - ATC pr lat,32795
Property of,Property of,0,0,Has property,44818870
Has proc context,Has procedure context (SNOMED),0,0,Proc context of,44818790
CPT4 - SNOMED eq,CPT-4 to SNOMED equivalent (OMOP),0,0,SNOMED - CPT4 eq,44818804
Asso morph of,Associated morphology of (SNOMED),0,0,Has asso morph,44818867
Dir proc site of,Direct procedure site of (SNOMED),0,0,Has dir proc site,44818883
Acc device used by,Access device used by (SNOMED),0,0,Using acc device,44818895
Has recipient cat,Has recipient category (SNOMED),0,0,Recipient cat of,44818742
Dir subst of,Direct substance of (SNOMED),0,0,Has dir subst,44818862
RxNorm - ATC,RxNorm to ATC,0,0,ATC - RxNorm,44818908
Quantified form of,Quantified form of (RxNorm),0,0,Has quantified form,45754828
ICDO to Proc Schema,ICDO Condition to Procedure Schema (NAACCR),0,0,Proc Schema to ICDO,32644
Precise ing of,Precise ingredient of (RxNorm),0,0,Has precise ing,44818813
Priority of,Priority of (SNOMED),0,0,Has priority,44818842
Interpretation of,Interpretation of (SNOMED),0,0,Has interpretation,44818855
Specimen proc of,Specimen procedure of (SNOMED),0,0,Has specimen proc,44818873
Has specimen proc,Has specimen procedure (SNOMED),0,0,Specimen proc of,44818775
Using energy,Using energy (SNOMED),0,0,Energy used by,44818795
Focus of,Focus of (SNOMED),0,0,Has focus,44818857
Dir morph of,Direct morphology of (SNOMED),0,0,Has dir morph,44818863
Energy used by,Energy used by (SNOMED),0,0,Using energy,44818893
Concept poss_eq to,Inactive possibly_equivalent_to active (SNOMED),0,0,Concept poss_eq from,44818962
Proc context of,Procedure context of (SNOMED),0,0,Has proc context,44818888
Has laterality,Has laterality (SNOMED),0,0,Laterality of,44818752
Comp material of,Compositional material of (SNOMED),0,0,Has comp material,32990
Has proc morph,Has procedure morphology (SNOMED),0,0,Proc morph of,44818788
Using finding inform,Using finding informer (SNOMED),0,0,Finding inform of,44818801
Has severity,Has severity (SNOMED),0,0,Severity of,44818747
Specimen of,Specimen of (SNOMED),0,0,Has specimen,44818854
Finding inform of,Finding informer of (SNOMED),0,0,Using finding inform,44818899
Concept replaced by,Concept replaced by,0,0,Concept replaces,44818956
Has occurrence,Has occurrence (SNOMED),0,0,Occurrence of,44818750
Form of,Form of (RxNorm),0,0,Has form,44818816
Intent of,Intent of (SNOMED),0,0,Has intent,44818856
Finding method of,Finding method of (SNOMED),0,0,Using finding method,44818898
Has Answer,Has Answer,0,0,Answer of,45754683
Has indir morph,Has indirect morphology (SNOMED),0,0,Indir morph of,44818754
Precondition of,Precondition of (SNOMED),0,0,Has precondition,5066
Using device,Using device (SNOMED),0,0,Device used by,44818794
Is a,Is a,0,0,Subsumes,44818821
Has intent,Has intent (SNOMED),0,0,Intent of,44818758
Has manifestation,Has definitional manifestation (SNOMED),0,0,Manifestation of,44818760
System of,System of,0,0,Has system,32716
Relat context of,Subject relationship context of (SNOMED),0,0,Has relat context,44818879
Concept same_as to,Inactive same_as active (SNOMED),0,0,Concept same_as from,44818958
Concept was_a from,Active was_a inactive (SNOMED),0,0,Concept was_a to,44818965
LOINC - CPT4 eq,LOINC to CPT4 equivalent (SNOMED),0,0,CPT4 - LOINC eq,45956697
Has interprets,Has interprets (SNOMED),0,0,Interprets of,44818753
Manifestation of,Definitional manifestation of (SNOMED),0,0,Has manifestation,44818858
Specimen subst of,Specimen substance of (SNOMED),0,0,Has specimen subst,44818877
Schema to Value,Schema to Value (NAACCR),0,0,Value to Schema,32647
Time aspect of,Time aspect of,0,0,Has time aspect,44818872
Has due to,Has due to (SNOMED),0,0,Due to of,44818780
Recipient cat of,Recipient category of (SNOMED),0,0,Has recipient cat,44818840
Causative agent of,Causative agent of (SNOMED),0,0,Has causative agent,44818866
Concept replaces,Concept replaces,0,0,Concept replaced by,44818957
Intended site of,Dose form intended site of (SNOMED),0,0,Has intended site,581466
Has comp material,Has compositional material (SNOMED),0,0,Comp material of,32989
Specimen identity of,Specimen source identity of (SNOMED),0,0,Has specimen source,44818874
Device used by,Device used by (SNOMED),0,0,Using device,44818892
Concept poss_eq from,Active possibly_equivalent_to inactive (SNOMED),0,0,Concept poss_eq to,44818963
Has proc site,Has procedure site (SNOMED),0,0,Proc site of,44818743
RxNorm - ATC sec lat,RxNorm/Extension to ATC secondary lateral (OMOP),0,0,ATC - RxNorm sec lat,32798
Occurs after,Occurs after (SNOMED),0,0,Occurs before,44818783
Has temporal context,Has temporal context (SNOMED),0,0,Temporal context of,44818791
Laterality of,Laterality of (SNOMED),0,0,Has laterality,44818850
Characterizes,Characterizes (SNOMED),0,0,Is characterized by,5081
Histology of ICDO,Histology of ICDO,0,0,Has Histology ICDO,581428
CPT4 - LOINC eq,CPT4 to LOINC equivalent (SNOMED),0,0,LOINC - CPT4 eq,45956698
Has revision status,Has revision status (SNOMED),0,0,Revision status of,44818748
Has asso finding,Has associated finding (SNOMED),0,0,Asso finding of,44818770
Has finding context,Has finding context (SNOMED),0,0,Finding context of,44818789
Proc site of,Procedure site of (SNOMED),0,0,Has proc site,44818841
Surgical appr of,Surgical approach of (SNOMED),0,0,Has surgical appr,44818891
Concept was_a to,Inactive was_a active (SNOMED),0,0,Concept was_a from,44818964
Has Topography ICDO,Has Topography ICDO,0,0,Topography of ICDO,581429
Has pathology,Has pathological process (SNOMED),0,0,Pathology of,44818745
Using subst,Using substance (SNOMED),0,0,Subst used by,44818796
Dir device of,Direct device of (SNOMED),0,0,Has dir device,44818864
Component of,Component of,0,0,Has component,44818865
Concept same_as from,Active same_as inactive (SNOMED),0,0,Concept same_as to,44818959
Has indir device,Has indirect device (SNOMED),0,0,Indir device of,44818755
Has status,Has status,0,0,Status of,33066
Has temp finding,Has temporal finding (SNOMED),0,0,Temp related to,581474
Has active ing,Has active ingredient (SNOMED),0,0,Active ing of,44818761
Method of,Method of,0,0,Has method,44818849
Has coating material,Has coating material (SNOMED),0,0,Coating material of,33052
Has specimen source,Has specimen source identity (SNOMED),0,0,Specimen identity of,44818776
ATC - RxNorm,ATC to RxNorm,0,0,RxNorm - ATC,44818810
Active ing of,Active ingredient of (SNOMED),0,0,Has active ing,44818859
Has access,Has access (SNOMED),0,0,Access of,44818749
Has dir proc site,Has direct procedure site (SNOMED),0,0,Dir proc site of,44818785
Access of,Access of (SNOMED),0,0,Has access,44818847
Concept alt_to to,Inactive alternative_to active (SNOMED),0,0,Concept alt_to from,44818960
Proc morph of,Procedure morphology of (SNOMED),0,0,Has proc morph,44818886
Temporal context of,Temporal context of (SNOMED),0,0,Has temporal context,44818889
Has finding site,Has finding site (SNOMED),0,0,Finding site of,44818762
During,During (SNOMED),0,0,Has complication,581424
Has dir subst,Has direct substance (SNOMED),0,0,Dir subst of,44818764
Has causative agent,Has causative agent (SNOMED),0,0,Causative agent of,44818768
Schema to ICDO,Schema to ICDO Condition (NAACCR),0,0,ICDO to Schema,32645
ICDO to Schema,ICDO Condition to Schema (NAACCR),0,0,Schema to ICDO,32646
Indir device of,Indirect device of (SNOMED),0,0,Has indir device,44818853
Subst used by,Substance used by (SNOMED),0,0,Using subst,44818894
Clinical course of,Has clinical course of (SNOMED),0,0,Has clinical course,44818896
Mapped from,Standard to Non-standard map (OMOP),0,0,Maps to,44818976
Has priority,Has priority (SNOMED),0,0,Priority of,44818744
Has indir proc site,Has indirect procedure site (SNOMED),0,0,Indir proc site of,44818786
Maps to value,Non-standard to value_as_concept map (OMOP),0,0,Value mapped from,44819239
Has precondition,Has precondition (SNOMED),0,0,Precondition of,5065
Value to Schema,Value to Schema (NAACCR),0,0,Schema to Value,32648
Has method,Has method,0,0,Method of,44818751
Has Module,Has Module,0,0,Module of,581406
Scale type of,Scale type of,0,0,Has scale type,44818871
Has scale type,Has scale type,0,0,Scale type of,44818773
Has clinical course,Has clinical course (SNOMED),0,0,Clinical course of,44818798
Indir proc site of,Indirect procedure site of (SNOMED),0,0,Has indir proc site,44818884
Concept alt_to from,Active alternative_to inactive (SNOMED),0,0,Concept alt_to to,44818961
Is characterized by,Is characterized by (SNOMED),0,0,Characterizes,5082
RxNorm - ATC pr lat,RxNorm/Extension to ATC pr lateral (OMOP),0,0,ATC - RxNorm pr lat,32796
Revision status of,Revision status of (SNOMED),0,0,Has revision status,44818846
ATC - RxNorm sec up,ATC to RxNorm/Extension secondary upwards (OMOP),0,0,RxNorm - ATC sec up,32801
Has proc device,Has procedure device (SNOMED),0,0,Proc device of,44818787
Using acc device,Using access device (SNOMED),0,0,Acc device used by,44818797
RxNorm - ATC sec up,RxNorm/Extension to ATC secondary upwards (OMOP),0,0,ATC - RxNorm sec up,32802
Using finding method,Using finding method (SNOMED),0,0,Finding method of,44818800
Severity of,Severity of (SNOMED),0,0,Has severity,44818845
Has precise ing,Has precise ingredient (RxNorm),0,0,Precise ing of,44818715
Has form,Has form (RxNorm),0,0,Form of,44818718
Has component,Has component,0,0,Component of,44818767
Finding context of,Finding context of (SNOMED),0,0,Has finding context,44818887
Follows,Follows (SNOMED),0,0,Followed by,45905792
Has unit,Has unit,0,0,Unit of,32670
ATC - RxNorm pr up,ATC to RxNorm/Extension primary upwards (OMOP),0,0,RxNorm - ATC pr up,32799
Has interpretation,Has interpretation (SNOMED),0,0,Interpretation of,44818757
Has dir device,Has direct device (SNOMED),0,0,Dir device of,44818766
ATC - RxNorm sec lat,ATC to RxNorm/Extension secondary lateral (OMOP),0,0,RxNorm - ATC sec lat,32797
Tradename of,Tradename of (RxNorm),0,0,Has tradename,44818814
Occurrence of,Occurrence of (SNOMED),0,0,Has occurrence,44818848
Asso proc of,Associated procedure of (SNOMED),0,0,Has asso proc,44818882
Proc device of,Procedure device of (SNOMED),0,0,Has proc device,44818885
Answer of,Answer of,0,0,Has Answer,45754684
Has route of admin,Has route of administration (SNOMED),0,0,Route of admin of,44818799
Has Histology ICDO,Has Histology ICDO,0,0,Histology of ICDO,581427
Temp related to,Temporally related to (SNOMED),0,0,Has temp finding,581473
Unit of,Unit of,0,0,Has unit,32671
Finding site of,Finding site of (SNOMED),0,0,Has finding site,44818860
Has intended site,Has dose form intended site (SNOMED),0,0,Intended site of,581465
Indir morph of,Indirect morphology of (SNOMED),0,0,Has indir morph,44818852
Value mapped from,Value_as_concept to non-standard map (OMOP),0,0,Maps to value,44819242
Has dir morph,Has direct morphology (SNOMED),0,0,Dir morph of,44818765
Has system,Has system,0,0,System of,32715
Due to of,Due to of (SNOMED),0,0,Has due to,44818878
Finding asso with,Finding associated with (SNOMED),0,0,Asso with finding,44818890
SNOMED - RxNorm eq,SNOMED to RxNorm equivalent (RxNorm),0,0,RxNorm - SNOMED eq,45754843
RxNorm - SPL,RxNorm to SPL (NLM),1,0,SPL - RxNorm,45754867
Contained in panel,Contained in panel,1,0,Panel contains,46233679
RxNorm is a,Is a (RxNorm),1,0,RxNorm inverse is a,45754829
Marketed form of,Marketed form of (OMOP),1,0,Has marketed form,247
RxNorm has ing,Has ingredient (RxNorm),1,0,RxNorm ing of,44818719
Drug class of drug,Drug class of drug (OMOP),1,0,Drug has drug class,233
RxNorm has dose form,Has dose form (RxNorm),1,0,RxNorm dose form of,44818717
Has brand name,Has brand name (OMOP),1,0,Brand name of,221
Contains,Contains (RxNorm),1,0,Contained in,44818721
Drug has drug class,Drug has drug class (OMOP),1,0,Drug class of drug,234
CPT4 - SNOMED cat,CPT-4 to SNOMED category (OMOP),1,0,SNOMED cat - CPT4,44818803
Brand name of,Brand name of (OMOP),1,0,Has brand name,222
RxNorm dose form of,Dose form of (RxNorm),1,0,RxNorm has dose form,44818815
Consists of,Consists of (RxNorm),1,0,Constitutes,44818818
Box of,Prepackaged box of (OMOP),1,0,Available as box,224
Has quantified form,Has quantified form (RxNorm),0,1,Quantified form of,45754827
Has tradename,Has tradename (RxNorm),0,1,Tradename of,44818716
SNOMED - CPT4 eq,SNOMED to CPT-4 equivalent (OMOP),0,1,CPT4 - SNOMED eq,44818902
RxNorm ing of,Ingredient of (RxNorm),1,1,RxNorm has ing,44818817
Subsumes,Subsumes,1,1,Is a,44818723
Has marketed form,Has marketed form (OMOP),1,1,Marketed form of,246
SPL - RxNorm,SPL to RxNorm (NLM),1,1,RxNorm - SPL,45754866
Constitutes,Constitutes (RxNorm),1,1,Consists of,44818720
Module of,Module of,1,1,Has Module,581405
Available as box,Is available in a prepackaged box (OMOP),1,1,Box of,223
Panel contains,Panel contains,1,1,Contained in panel,46233678
SNOMED cat - CPT4,SNOMED category to CPT-4 (OMOP),1,1,CPT4 - SNOMED cat,44818901
Contained in,Is contained in (RxNorm),1,1,Contains,44818819
RxNorm inverse is a,Inverse is a (RxNorm),1,1,RxNorm is a,45754830
