vocabulary_id,vocabulary_name,vocabulary_reference,vocabulary_version,vocabulary_concept_id
Type Concept,OMOP Type Concept,OMOP generated,Type Concept 20221030,32808
Condition Status,OMOP Condition Status,OMOP generated,,32887
OMOP Extension,OMOP Extension (OHDSI),OMOP generated,OMOP Extension 20230110,32758
Visit,OMOP Visit,OMOP generated,Visit 20211216,44819119
RxNorm Extension,OMOP RxNorm Extension,OMOP generated,RxNorm Extension 2023-01-16,252
None,OMOP Standardized Vocabularies,OMOP generated,v5.0 23-JAN-23,44819096
FHL,FHL code,FinOMOP mapping of FHL,FinOMOP-FHL-v1.0.1,2000100001
HPN,HPN code,FinOMOP mapping of HPN,FinOMOP-HPN-v1.0.1,2000200001
HPO,Demanding Heart Patient Codes OLD,FinOMOP mapping of HPO,FinOMOP-HPO-v1.0.1,2002100001
ICPC,"ICPC1, ICPC2, ICPC2proc",FinOMOP mapping of ICPC,FinOMOP-ICPC-v1.0.1,2002000001
SPAT,SPAT code,FinOMOP mapping of SPAT,FinOMOP-SPAT-v1.0.1,2001700001
REIMB,Finnish reimbursement code,FinOMOP mapping of REIMB,FinOMOP-REIMB-v1.0.1,2001600001
VNRfi,Nordic Product Number,FinOMOP mapping of VNRfi,FinOMOP-VNRfi-v1.0.1,2001900001
ICD9fi,ICD9 Finnish modification,FinOMOP mapping of ICD9fi,FinOMOP-ICD9fi-v1.0.2,2000400001
NCSPfi,NCSP Finnish modification,FinOMOP mapping of NCSPfi,FinOMOP-NCSPfi-v1.1.2,2001300001
ICD10fi,ICD10 Finnish Extension,FinOMOP mapping of ICD10fi,FinOMOP-ICD10fi-v1.1.1,2000500001
LABfi_ALL,Finnish Lab Tests maintained by FinnGen,FinOMOP mapping of LABfi_ALL,FinOMOP-LABfi_ALL-v1.0.0,2002400001
UNITfi_ALL,Finnish Measurement Units maintained by FinnGen,FinOMOP mapping of UNITfi_ALL,FinOMOP-UNITfi_ALL-v1.0.0,2002500001
FGVisitType,FGVisitType code,FinOMOP mapping of FGVisitType,FinOMOP-FGVisitType-v1.7.0,2002300001
LOINC,Logical Observation Identifiers Names and Codes (Regenstrief Institute),http://loinc.org/downloads/loinc,LOINC 2.73,44819102
ICDO3,"International Classification of Diseases for Oncology, Third Edition (WHO)",https://seer.cancer.gov/icd-o-3/,ICDO3 SEER Site/Histology Released 06/2020,581426
NAACCR,Data Standards & Data Dictionary Volume II (NAACCR),http://datadictionary.naaccr.org/?c=10,NAACCR v18,32642
ICD10PCS,ICD-10 Procedure Coding System (CMS),http://www.cms.gov/Medicare/Coding/ICD10/index.html,ICD10PCS 2021,44819125
ICD10,"International Classification of Diseases, Tenth Revision (WHO)",http://www.who.int/classifications/icd/icdonlineversions/en/,2021 Release,44819124
RxNorm,RxNorm (NLM),http://www.nlm.nih.gov/research/umls/rxnorm/docs/rxnormfiles.html,RxNorm 20230103,44819104
OPCS4,OPCS Classification of Interventions and Procedures version 4 (NHS),http://systems.hscic.gov.uk/data/clinicalcoding/codingstandards/opcs4,2021 Release,44819143
UCUM,Unified Code for Units of Measure (Regenstrief Institute),http://aurora.regenstrief.org/~ucum/ucum.html#section-Alphabetic-Index,Version 1.8.2,44819107
Nebraska Lexicon,Nebraska Lexicon (UNMC),https://www.unmc.edu/pathology-research/bioinformatics/campbell/tdc.html,Nebraska Lexicon 20190816,32757
ICD9Proc,"International Classification of Diseases, Ninth Revision, Clinical Modification, Volume 3 (NCHS)",http://www.cms.gov/Medicare/Coding/ICD9ProviderDiagnosticCodes/codes.html,ICD9CM v32 master descriptions,44819099
ICD9CM,"International Classification of Diseases, Ninth Revision, Clinical Modification, Volume 1 and 2 (NCHS)",http://www.cms.gov/Medicare/Coding/ICD9ProviderDiagnosticCodes/codes.html,ICD9CM v32 master descriptions,5046
SNOMED,Systematic Nomenclature of Medicine - Clinical Terms (IHTSDO),http://www.nlm.nih.gov/research/umls/licensedcontent/umlsknowledgesources.html,2021-07-31 SNOMED CT International Edition; 2021-09-01 SNOMED CT US Edition; 2021-11-24 SNOMED CT UK Edition,44819097
CPT4,Current Procedural Terminology version 4 (AMA),http://www.nlm.nih.gov/research/umls/licensedcontent/umlsknowledgesources.html,2022 Release,44819100
HCPCS,Healthcare Common Procedure Coding System (CMS),http://www.nlm.nih.gov/research/umls/licensedcontent/umlsknowledgesources.html,20221001 Alpha Numeric HCPCS File,44819101
NUCC,National Uniform Claim Committee Health Care Provider Taxonomy Code Set (NUCC),http://www.nucc.org/index.php?option=com_content&view=article&id=107&Itemid=132,2018-06-26 NUCC,44819137
HES Specialty,Hospital Episode Statistics Specialty (NHS),http://www.datadictionary.nhs.uk/data_dictionary/attributes/m/main_specialty_code_de.asp?shownav=0,2018-06-26 HES Specialty,44819145
CMS Place of Service,Place of Service Codes for Professional Claims (CMS),http://www.cms.gov/Medicare/Medicare-Fee-for-Service-Payment/PhysicianFeeSched/downloads//Website_POS_database.pdf,2009-01-11,44819110
